E01,0
E02,1
E03,2
E04,3
E05,4
E06,5
E07,6
E08,7
E09,8
E10,9
E11,10
E12,11
E13,12
E14,13
E15,14
E16,15
E17,16
E18,17
E19,18
E20,19
E21,20
E22,21
E23,22
E24,23
E25,24
E26,25
E27,26
E28,27
E29,28
E30,29
E31,30
E32,31
E33,32
E34,33
E35,34
E36,35
E37,36
E38,37
E39,38
E40,39
E41,40
E42,41
E43,42
E44,43
J01,44
J02,45
J03,46
J04,47
J05,48
J06,49
J07,50
J08,51
J09,52
J10,53
J11,54
J12,55
J13,56
J14,57
J15,58
J16,59
J17,60
J18,61
J19,62
J20,63
J21,64
J22,65
J23,66
J24,67
J25,68
J26,69
J27,70
J28,71
J29,72
J30,73
J31,74
J32,75
J33,76
J34,77
J35,78
J36,79
J37,80
J38,81
J39,82
J40,83
J41,84
J42,85
J43,86
J44,87